{
    "readme": "Chronological by date of first commit: add yourself at the end",
    "contributors": [
        {
            "name": "Andrew Morrow",
            "email": [
                "acm@mongodb.com",
                "andrew.c.morrow@gmail.com"
            ],
            "description": "Project architect and team lead. Library structure, interface design, coding conventions, build system, versioning model, C++11 usage, etc."
        },
        {
            "name": "Tyler Brock",
            "email": [
                "tyler.brock@gmail.com"
            ],
            "description": "Principle author of mongocxx library CRUD interfaces and unit tests."
        },
        {
            "name": "Samantha Ritter",
            "email" : [
                "samantha.ritter@mongodb.com"
            ],
            "description" : "View_or_value variant types, bsoncxx error handling, various features and bug fixes."
        },
        {
            "name": "Adam Midvidy",
            "email": [
                "amidvidy@gmail.com"
            ],
            "description" : "Client pool, BSON validator, ABI versioning scheme, pluggable loggers, examples and some documentation"
        },
        {
            "name": "Jason Carey",
            "email": [
                "jcarey@argv.me"
            ],
            "description": "Principle author of bsoncxx library, libmongoc integration and mock testing framework."
        },
        {
            "name": "Matt Cotter",
            "email": [
                "mc@mongodb.com"
            ],
            "description": "MongodB 3.2 feature support."
        },
        {
            "name": "Tess Avitabile",
            "email" : [
                "tess.avitabile@mongodb.com"
            ],
            "description" : "mongocxx error handling, various features and bug fixes."
        },
        {
            "name": "Mark Benvenuto",
            "email": [
                "mark.benvenuto@mongodb.com"
            ],
            "description": "Windows Support, Clang-Format Integration, AppVeyor Integration."
        },
        {
            "name": "David Golden",
            "email": [
                "david@mongodb.com"
            ],
            "description": "Drivers team Staff Engineer responsible for ongoing development and maintenance of the C++ driver."
        },
        {
            "name": "J. Rassi",
            "email": [
                "rassi@mongodb.com"
            ],
            "description": "MongoDB 3.4 feature support, ongoing development/maintenance."
        },
        {
            "name": "Sam Rossi",
            "email": [
                "sam.rossi@mongodb.com"
            ],
            "description": "GridFS API, ongoing development/maintenance."
        },
        {
            "name": "A. Jesse Jiryu Davis",
            "email": [
                "jesse@mongodb.com"
            ],
            "description": "Ongoing development/maintenance."
        },
        {
            "name": "Kevin Albertson",
            "email": [
                "kevin.albertson@mongodb.com"
            ],
            "description": "Ongoing development/maintenance."
        },
        {
            "name": "Ryan Timmons",
            "email": [
                "ryan.timmons@mongodb.com"
            ],
            "description": "Change streams, example code for complex aggregations."
        },
        {
            "name": "Spencer McKenney",
            "email": [
                "spencermck@me.com"
            ],
            "description": "Command Monitoring API, Transactions API, various features and bug fixes."
        },
        {
            "name": "Evgeni Dobranov",
            "email": [
                "evobranov@gmail.com"
            ],
            "description": "Command Monitoring API, Transactions API, various features and bug fixes."
        },
        {
            "name": "Clyde Bazile",
            "email": [
                "clyde.bazile@mongodb.com"
            ],
            "description": "Ongoing development/maintenance."
        }
    ]
}
