{
  "runOn": [
    {
      "minServerVersion": "7.0.0",
      "serverless": "forbid",
      "topology": [
        "replicaset",
        "sharded",
        "load-balanced"
      ]
    }
  ],
  "database_name": "default",
  "collection_name": "default",
  "data": [],
  "key_vault_data": [],
  "tests": [
    {
      "description": "default state collections are applied to encryptionInformation",
      "clientOptions": {
        "autoEncryptOpts": {
          "kmsProviders": {
            "local": {
              "key": {
                "$binary": {
                  "base64": "Mng0NCt4ZHVUYUJCa1kxNkVyNUR1QURhZ2h2UzR2d2RrZzh0cFBwM3R6NmdWMDFBMUN3YkQ5aXRRMkhGRGdQV09wOGVNYUMxT2k3NjZKelhaQmRCZGJkTXVyZG9uSjFk",
                  "subType": "00"
                }
              }
            }
          },
          "encryptedFieldsMap": {
            "default.default": {
              "fields": []
            }
          }
        }
      },
      "operations": [
        {
          "name": "insertOne",
          "arguments": {
            "document": {
              "_id": 1,
              "foo": {
                "$binary": {
                  "base64": "BYkAAAAFZAAgAAAAAE8KGPgq7h3n9nH5lfHcia8wtOTLwGkZNLBesb6PULqbBXMAIAAAAACq0558QyD3c3jkR5k0Zc9UpQK8ByhXhtn2d1xVQnuJ3AVjACAAAAAA1003zUWGwD4zVZ0KeihnZOthS3V6CEHUfnJZcIYHefISY20AAAAAAAAAAAAA",
                  "subType": "06"
                }
              }
            }
          }
        }
      ],
      "expectations": [
        {
          "command_started_event": {
            "command": {
              "insert": "default",
              "documents": [
                {
                  "_id": 1,
                  "foo": {
                    "$binary": {
                      "base64": "BYkAAAAFZAAgAAAAAE8KGPgq7h3n9nH5lfHcia8wtOTLwGkZNLBesb6PULqbBXMAIAAAAACq0558QyD3c3jkR5k0Zc9UpQK8ByhXhtn2d1xVQnuJ3AVjACAAAAAA1003zUWGwD4zVZ0KeihnZOthS3V6CEHUfnJZcIYHefISY20AAAAAAAAAAAAA",
                      "subType": "06"
                    }
                  }
                }
              ],
              "encryptionInformation": {
                "type": {
                  "$numberInt": "1"
                },
                "schema": {
                  "default.default": {
                    "fields": []
                  }
                }
              },
              "ordered": true
            },
            "command_name": "insert"
          }
        }
      ],
      "outcome": {
        "collection": {
          "data": [
            {
              "_id": 1,
              "foo": {
                "$binary": {
                  "base64": "BYkAAAAFZAAgAAAAAE8KGPgq7h3n9nH5lfHcia8wtOTLwGkZNLBesb6PULqbBXMAIAAAAACq0558QyD3c3jkR5k0Zc9UpQK8ByhXhtn2d1xVQnuJ3AVjACAAAAAA1003zUWGwD4zVZ0KeihnZOthS3V6CEHUfnJZcIYHefISY20AAAAAAAAAAAAA",
                  "subType": "06"
                }
              }
            }
          ]
        }
      }
    }
  ]
}
