{
  "description": "replaceOne-let",
  "schemaVersion": "1.0",
  "createEntities": [
    {
      "client": {
        "id": "client0",
        "observeEvents": [
          "commandStartedEvent"
        ]
      }
    },
    {
      "database": {
        "id": "database0",
        "client": "client0",
        "databaseName": "crud-tests"
      }
    },
    {
      "collection": {
        "id": "collection0",
        "database": "database0",
        "collectionName": "coll0"
      }
    }
  ],
  "initialData": [
    {
      "collectionName": "coll0",
      "databaseName": "crud-tests",
      "documents": [
        {
          "_id": 1
        },
        {
          "_id": 2
        }
      ]
    }
  ],
  "tests": [
    {
      "description": "ReplaceOne with let option",
      "runOnRequirements": [
        {
          "minServerVersion": "5.0"
        }
      ],
      "operations": [
        {
          "name": "replaceOne",
          "object": "collection0",
          "arguments": {
            "filter": {
              "$expr": {
                "$eq": [
                  "$_id",
                  "$$id"
                ]
              }
            },
            "replacement": {
              "x": "foo"
            },
            "let": {
              "id": 1
            }
          },
          "expectResult": {
            "matchedCount": 1,
            "modifiedCount": 1,
            "upsertedCount": 0
          }
        }
      ],
      "expectEvents": [
        {
          "client": "client0",
          "events": [
            {
              "commandStartedEvent": {
                "command": {
                  "update": "coll0",
                  "updates": [
                    {
                      "q": {
                        "$expr": {
                          "$eq": [
                            "$_id",
                            "$$id"
                          ]
                        }
                      },
                      "u": {
                        "x": "foo"
                      },
                      "multi": {
                        "$$unsetOrMatches": false
                      },
                      "upsert": {
                        "$$unsetOrMatches": false
                      }
                    }
                  ],
                  "let": {
                    "id": 1
                  }
                }
              }
            }
          ]
        }
      ],
      "outcome": [
        {
          "collectionName": "coll0",
          "databaseName": "crud-tests",
          "documents": [
            {
              "_id": 1,
              "x": "foo"
            },
            {
              "_id": 2
            }
          ]
        }
      ]
    },
    {
      "description": "ReplaceOne with let option unsupported (server-side error)",
      "runOnRequirements": [
        {
          "minServerVersion": "3.6.0",
          "maxServerVersion": "4.4.99"
        }
      ],
      "operations": [
        {
          "name": "replaceOne",
          "object": "collection0",
          "arguments": {
            "filter": {
              "$expr": {
                "$eq": [
                  "$_id",
                  "$$id"
                ]
              }
            },
            "replacement": {
              "x": "foo"
            },
            "let": {
              "id": 1
            }
          },
          "expectError": {
            "errorContains": "'update.let' is an unknown field",
            "isClientError": false
          }
        }
      ],
      "expectEvents": [
        {
          "client": "client0",
          "events": [
            {
              "commandStartedEvent": {
                "command": {
                  "update": "coll0",
                  "updates": [
                    {
                      "q": {
                        "$expr": {
                          "$eq": [
                            "$_id",
                            "$$id"
                          ]
                        }
                      },
                      "u": {
                        "x": "foo"
                      },
                      "multi": {
                        "$$unsetOrMatches": false
                      },
                      "upsert": {
                        "$$unsetOrMatches": false
                      }
                    }
                  ],
                  "let": {
                    "id": 1
                  }
                }
              }
            }
          ]
        }
      ],
      "outcome": [
        {
          "collectionName": "coll0",
          "databaseName": "crud-tests",
          "documents": [
            {
              "_id": 1
            },
            {
              "_id": 2
            }
          ]
        }
      ]
    }
  ]
}
