{
    "runOn": [
        {
            "minServerVersion": "4.9.0"
        }
    ],
    "database_name": "retryable-reads-tests",
    "collection_name": "coll",
    "data": [
        {
            "_id": 1,
            "x": 11
        },
        {
            "_id": 2,
            "x": 22
        }
    ],
    "tests": [
        {
            "description": "EstimatedDocumentCount succeeds after InterruptedAtShutdown",
            "failPoint": {
                "configureFailPoint": "failCommand",
                "mode": {
                    "times": 1
                },
                "data": {
                    "failCommands": [
                        "aggregate"
                    ],
                    "errorCode": 11600
                }
            },
            "operations": [
                {
                    "name": "estimatedDocumentCount",
                    "object": "collection",
                    "result": 2
                }
            ],
            "expectations": [
                {
                    "command_started_event": {
                        "command": {
                            "aggregate": "coll",
                            "pipeline": [
                                {
                                    "$collStats": {
                                        "count": {}
                                    }
                                },
                                {
                                    "$group": {
                                        "_id": 1,
                                        "n": {
                                            "$sum": "$count"
                                        }
                                    }
                                }
                            ]
                        },
                        "database_name": "retryable-reads-tests"
                    }
                },
                {
                    "command_started_event": {
                        "command": {
                            "aggregate": "coll",
                            "pipeline": [
                                {
                                    "$collStats": {
                                        "count": {}
                                    }
                                },
                                {
                                    "$group": {
                                        "_id": 1,
                                        "n": {
                                            "$sum": "$count"
                                        }
                                    }
                                }
                            ]
                        },
                        "database_name": "retryable-reads-tests"
                    }
                }
            ]
        },
        {
            "description": "EstimatedDocumentCount succeeds after InterruptedDueToReplStateChange",
            "failPoint": {
                "configureFailPoint": "failCommand",
                "mode": {
                    "times": 1
                },
                "data": {
                    "failCommands": [
                        "aggregate"
                    ],
                    "errorCode": 11602
                }
            },
            "operations": [
                {
                    "name": "estimatedDocumentCount",
                    "object": "collection",
                    "result": 2
                }
            ],
            "expectations": [
                {
                    "command_started_event": {
                        "command": {
                            "aggregate": "coll",
                            "pipeline": [
                                {
                                    "$collStats": {
                                        "count": {}
                                    }
                                },
                                {
                                    "$group": {
                                        "_id": 1,
                                        "n": {
                                            "$sum": "$count"
                                        }
                                    }
                                }
                            ]
                        },
                        "database_name": "retryable-reads-tests"
                    }
                },
                {
                    "command_started_event": {
                        "command": {
                            "aggregate": "coll",
                            "pipeline": [
                                {
                                    "$collStats": {
                                        "count": {}
                                    }
                                },
                                {
                                    "$group": {
                                        "_id": 1,
                                        "n": {
                                            "$sum": "$count"
                                        }
                                    }
                                }
                            ]
                        },
                        "database_name": "retryable-reads-tests"
                    }
                }
            ]
        },
        {
            "description": "EstimatedDocumentCount succeeds after NotMaster",
            "failPoint": {
                "configureFailPoint": "failCommand",
                "mode": {
                    "times": 1
                },
                "data": {
                    "failCommands": [
                        "aggregate"
                    ],
                    "errorCode": 10107
                }
            },
            "operations": [
                {
                    "name": "estimatedDocumentCount",
                    "object": "collection",
                    "result": 2
                }
            ],
            "expectations": [
                {
                    "command_started_event": {
                        "command": {
                            "aggregate": "coll",
                            "pipeline": [
                                {
                                    "$collStats": {
                                        "count": {}
                                    }
                                },
                                {
                                    "$group": {
                                        "_id": 1,
                                        "n": {
                                            "$sum": "$count"
                                        }
                                    }
                                }
                            ]
                        },
                        "database_name": "retryable-reads-tests"
                    }
                },
                {
                    "command_started_event": {
                        "command": {
                            "aggregate": "coll",
                            "pipeline": [
                                {
                                    "$collStats": {
                                        "count": {}
                                    }
                                },
                                {
                                    "$group": {
                                        "_id": 1,
                                        "n": {
                                            "$sum": "$count"
                                        }
                                    }
                                }
                            ]
                        },
                        "database_name": "retryable-reads-tests"
                    }
                }
            ]
        },
        {
            "description": "EstimatedDocumentCount succeeds after NotMasterNoSlaveOk",
            "failPoint": {
                "configureFailPoint": "failCommand",
                "mode": {
                    "times": 1
                },
                "data": {
                    "failCommands": [
                        "aggregate"
                    ],
                    "errorCode": 13435
                }
            },
            "operations": [
                {
                    "name": "estimatedDocumentCount",
                    "object": "collection",
                    "result": 2
                }
            ],
            "expectations": [
                {
                    "command_started_event": {
                        "command": {
                            "aggregate": "coll",
                            "pipeline": [
                                {
                                    "$collStats": {
                                        "count": {}
                                    }
                                },
                                {
                                    "$group": {
                                        "_id": 1,
                                        "n": {
                                            "$sum": "$count"
                                        }
                                    }
                                }
                            ]
                        },
                        "database_name": "retryable-reads-tests"
                    }
                },
                {
                    "command_started_event": {
                        "command": {
                            "aggregate": "coll",
                            "pipeline": [
                                {
                                    "$collStats": {
                                        "count": {}
                                    }
                                },
                                {
                                    "$group": {
                                        "_id": 1,
                                        "n": {
                                            "$sum": "$count"
                                        }
                                    }
                                }
                            ]
                        },
                        "database_name": "retryable-reads-tests"
                    }
                }
            ]
        },
        {
            "description": "EstimatedDocumentCount succeeds after NotMasterOrSecondary",
            "failPoint": {
                "configureFailPoint": "failCommand",
                "mode": {
                    "times": 1
                },
                "data": {
                    "failCommands": [
                        "aggregate"
                    ],
                    "errorCode": 13436
                }
            },
            "operations": [
                {
                    "name": "estimatedDocumentCount",
                    "object": "collection",
                    "result": 2
                }
            ],
            "expectations": [
                {
                    "command_started_event": {
                        "command": {
                            "aggregate": "coll",
                            "pipeline": [
                                {
                                    "$collStats": {
                                        "count": {}
                                    }
                                },
                                {
                                    "$group": {
                                        "_id": 1,
                                        "n": {
                                            "$sum": "$count"
                                        }
                                    }
                                }
                            ]
                        },
                        "database_name": "retryable-reads-tests"
                    }
                },
                {
                    "command_started_event": {
                        "command": {
                            "aggregate": "coll",
                            "pipeline": [
                                {
                                    "$collStats": {
                                        "count": {}
                                    }
                                },
                                {
                                    "$group": {
                                        "_id": 1,
                                        "n": {
                                            "$sum": "$count"
                                        }
                                    }
                                }
                            ]
                        },
                        "database_name": "retryable-reads-tests"
                    }
                }
            ]
        },
        {
            "description": "EstimatedDocumentCount succeeds after PrimarySteppedDown",
            "failPoint": {
                "configureFailPoint": "failCommand",
                "mode": {
                    "times": 1
                },
                "data": {
                    "failCommands": [
                        "aggregate"
                    ],
                    "errorCode": 189
                }
            },
            "operations": [
                {
                    "name": "estimatedDocumentCount",
                    "object": "collection",
                    "result": 2
                }
            ],
            "expectations": [
                {
                    "command_started_event": {
                        "command": {
                            "aggregate": "coll",
                            "pipeline": [
                                {
                                    "$collStats": {
                                        "count": {}
                                    }
                                },
                                {
                                    "$group": {
                                        "_id": 1,
                                        "n": {
                                            "$sum": "$count"
                                        }
                                    }
                                }
                            ]
                        },
                        "database_name": "retryable-reads-tests"
                    }
                },
                {
                    "command_started_event": {
                        "command": {
                            "aggregate": "coll",
                            "pipeline": [
                                {
                                    "$collStats": {
                                        "count": {}
                                    }
                                },
                                {
                                    "$group": {
                                        "_id": 1,
                                        "n": {
                                            "$sum": "$count"
                                        }
                                    }
                                }
                            ]
                        },
                        "database_name": "retryable-reads-tests"
                    }
                }
            ]
        },
        {
            "description": "EstimatedDocumentCount succeeds after ShutdownInProgress",
            "failPoint": {
                "configureFailPoint": "failCommand",
                "mode": {
                    "times": 1
                },
                "data": {
                    "failCommands": [
                        "aggregate"
                    ],
                    "errorCode": 91
                }
            },
            "operations": [
                {
                    "name": "estimatedDocumentCount",
                    "object": "collection",
                    "result": 2
                }
            ],
            "expectations": [
                {
                    "command_started_event": {
                        "command": {
                            "aggregate": "coll",
                            "pipeline": [
                                {
                                    "$collStats": {
                                        "count": {}
                                    }
                                },
                                {
                                    "$group": {
                                        "_id": 1,
                                        "n": {
                                            "$sum": "$count"
                                        }
                                    }
                                }
                            ]
                        },
                        "database_name": "retryable-reads-tests"
                    }
                },
                {
                    "command_started_event": {
                        "command": {
                            "aggregate": "coll",
                            "pipeline": [
                                {
                                    "$collStats": {
                                        "count": {}
                                    }
                                },
                                {
                                    "$group": {
                                        "_id": 1,
                                        "n": {
                                            "$sum": "$count"
                                        }
                                    }
                                }
                            ]
                        },
                        "database_name": "retryable-reads-tests"
                    }
                }
            ]
        },
        {
            "description": "EstimatedDocumentCount succeeds after HostNotFound",
            "failPoint": {
                "configureFailPoint": "failCommand",
                "mode": {
                    "times": 1
                },
                "data": {
                    "failCommands": [
                        "aggregate"
                    ],
                    "errorCode": 7
                }
            },
            "operations": [
                {
                    "name": "estimatedDocumentCount",
                    "object": "collection",
                    "result": 2
                }
            ],
            "expectations": [
                {
                    "command_started_event": {
                        "command": {
                            "aggregate": "coll",
                            "pipeline": [
                                {
                                    "$collStats": {
                                        "count": {}
                                    }
                                },
                                {
                                    "$group": {
                                        "_id": 1,
                                        "n": {
                                            "$sum": "$count"
                                        }
                                    }
                                }
                            ]
                        },
                        "database_name": "retryable-reads-tests"
                    }
                },
                {
                    "command_started_event": {
                        "command": {
                            "aggregate": "coll",
                            "pipeline": [
                                {
                                    "$collStats": {
                                        "count": {}
                                    }
                                },
                                {
                                    "$group": {
                                        "_id": 1,
                                        "n": {
                                            "$sum": "$count"
                                        }
                                    }
                                }
                            ]
                        },
                        "database_name": "retryable-reads-tests"
                    }
                }
            ]
        },
        {
            "description": "EstimatedDocumentCount succeeds after HostUnreachable",
            "failPoint": {
                "configureFailPoint": "failCommand",
                "mode": {
                    "times": 1
                },
                "data": {
                    "failCommands": [
                        "aggregate"
                    ],
                    "errorCode": 6
                }
            },
            "operations": [
                {
                    "name": "estimatedDocumentCount",
                    "object": "collection",
                    "result": 2
                }
            ],
            "expectations": [
                {
                    "command_started_event": {
                        "command": {
                            "aggregate": "coll",
                            "pipeline": [
                                {
                                    "$collStats": {
                                        "count": {}
                                    }
                                },
                                {
                                    "$group": {
                                        "_id": 1,
                                        "n": {
                                            "$sum": "$count"
                                        }
                                    }
                                }
                            ]
                        },
                        "database_name": "retryable-reads-tests"
                    }
                },
                {
                    "command_started_event": {
                        "command": {
                            "aggregate": "coll",
                            "pipeline": [
                                {
                                    "$collStats": {
                                        "count": {}
                                    }
                                },
                                {
                                    "$group": {
                                        "_id": 1,
                                        "n": {
                                            "$sum": "$count"
                                        }
                                    }
                                }
                            ]
                        },
                        "database_name": "retryable-reads-tests"
                    }
                }
            ]
        },
        {
            "description": "EstimatedDocumentCount succeeds after NetworkTimeout",
            "failPoint": {
                "configureFailPoint": "failCommand",
                "mode": {
                    "times": 1
                },
                "data": {
                    "failCommands": [
                        "aggregate"
                    ],
                    "errorCode": 89
                }
            },
            "operations": [
                {
                    "name": "estimatedDocumentCount",
                    "object": "collection",
                    "result": 2
                }
            ],
            "expectations": [
                {
                    "command_started_event": {
                        "command": {
                            "aggregate": "coll",
                            "pipeline": [
                                {
                                    "$collStats": {
                                        "count": {}
                                    }
                                },
                                {
                                    "$group": {
                                        "_id": 1,
                                        "n": {
                                            "$sum": "$count"
                                        }
                                    }
                                }
                            ]
                        },
                        "database_name": "retryable-reads-tests"
                    }
                },
                {
                    "command_started_event": {
                        "command": {
                            "aggregate": "coll",
                            "pipeline": [
                                {
                                    "$collStats": {
                                        "count": {}
                                    }
                                },
                                {
                                    "$group": {
                                        "_id": 1,
                                        "n": {
                                            "$sum": "$count"
                                        }
                                    }
                                }
                            ]
                        },
                        "database_name": "retryable-reads-tests"
                    }
                }
            ]
        },
        {
            "description": "EstimatedDocumentCount succeeds after SocketException",
            "failPoint": {
                "configureFailPoint": "failCommand",
                "mode": {
                    "times": 1
                },
                "data": {
                    "failCommands": [
                        "aggregate"
                    ],
                    "errorCode": 9001
                }
            },
            "operations": [
                {
                    "name": "estimatedDocumentCount",
                    "object": "collection",
                    "result": 2
                }
            ],
            "expectations": [
                {
                    "command_started_event": {
                        "command": {
                            "aggregate": "coll",
                            "pipeline": [
                                {
                                    "$collStats": {
                                        "count": {}
                                    }
                                },
                                {
                                    "$group": {
                                        "_id": 1,
                                        "n": {
                                            "$sum": "$count"
                                        }
                                    }
                                }
                            ]
                        },
                        "database_name": "retryable-reads-tests"
                    }
                },
                {
                    "command_started_event": {
                        "command": {
                            "aggregate": "coll",
                            "pipeline": [
                                {
                                    "$collStats": {
                                        "count": {}
                                    }
                                },
                                {
                                    "$group": {
                                        "_id": 1,
                                        "n": {
                                            "$sum": "$count"
                                        }
                                    }
                                }
                            ]
                        },
                        "database_name": "retryable-reads-tests"
                    }
                }
            ]
        },
        {
            "description": "EstimatedDocumentCount fails after two NotMaster errors",
            "failPoint": {
                "configureFailPoint": "failCommand",
                "mode": {
                    "times": 2
                },
                "data": {
                    "failCommands": [
                        "aggregate"
                    ],
                    "errorCode": 10107
                }
            },
            "operations": [
                {
                    "name": "estimatedDocumentCount",
                    "object": "collection",
                    "error": true
                }
            ],
            "expectations": [
                {
                    "command_started_event": {
                        "command": {
                            "aggregate": "coll",
                            "pipeline": [
                                {
                                    "$collStats": {
                                        "count": {}
                                    }
                                },
                                {
                                    "$group": {
                                        "_id": 1,
                                        "n": {
                                            "$sum": "$count"
                                        }
                                    }
                                }
                            ]
                        },
                        "database_name": "retryable-reads-tests"
                    }
                },
                {
                    "command_started_event": {
                        "command": {
                            "aggregate": "coll",
                            "pipeline": [
                                {
                                    "$collStats": {
                                        "count": {}
                                    }
                                },
                                {
                                    "$group": {
                                        "_id": 1,
                                        "n": {
                                            "$sum": "$count"
                                        }
                                    }
                                }
                            ]
                        },
                        "database_name": "retryable-reads-tests"
                    }
                }
            ]
        },
        {
            "description": "EstimatedDocumentCount fails after NotMaster when retryReads is false",
            "clientOptions": {
                "retryReads": false
            },
            "failPoint": {
                "configureFailPoint": "failCommand",
                "mode": {
                    "times": 1
                },
                "data": {
                    "failCommands": [
                        "aggregate"
                    ],
                    "errorCode": 10107
                }
            },
            "operations": [
                {
                    "name": "estimatedDocumentCount",
                    "object": "collection",
                    "error": true
                }
            ],
            "expectations": [
                {
                    "command_started_event": {
                        "command": {
                            "aggregate": "coll",
                            "pipeline": [
                                {
                                    "$collStats": {
                                        "count": {}
                                    }
                                },
                                {
                                    "$group": {
                                        "_id": 1,
                                        "n": {
                                            "$sum": "$count"
                                        }
                                    }
                                }
                            ]
                        },
                        "database_name": "retryable-reads-tests"
                    }
                }
            ]
        }
    ]
}

