{
  "runOn": [
    {
      "minServerVersion": "4.0",
      "topology": [
        "single",
        "replicaset"
      ]
    },
    {
      "minServerVersion": "4.1.7",
      "topology": [
        "sharded"
      ]
    }
  ],
  "database_name": "retryable-reads-tests",
  "collection_name": "coll",
  "data": [],
  "tests": [
    {
      "description": "ListDatabaseObjects succeeds after InterruptedAtShutdown",
      "skipReason": "mongocxx does not support required operation.",  
      "failPoint": {
        "configureFailPoint": "failCommand",
        "mode": {
          "times": 1
        },
        "data": {
          "failCommands": [
            "listDatabases"
          ],
          "errorCode": 11600
        }
      },
      "operations": [
        {
          "name": "listDatabaseObjects",
          "object": "client"
        }
      ],
      "expectations": [
        {
          "command_started_event": {
            "command": {
              "listDatabases": 1
            }
          }
        },
        {
          "command_started_event": {
            "command": {
              "listDatabases": 1
            }
          }
        }
      ]
    },
    {
      "description": "ListDatabaseObjects succeeds after InterruptedDueToReplStateChange",
      "skipReason": "mongocxx does not support required operation.",  
      "failPoint": {
        "configureFailPoint": "failCommand",
        "mode": {
          "times": 1
        },
        "data": {
          "failCommands": [
            "listDatabases"
          ],
          "errorCode": 11602
        }
      },
      "operations": [
        {
          "name": "listDatabaseObjects",
          "object": "client"
        }
      ],
      "expectations": [
        {
          "command_started_event": {
            "command": {
              "listDatabases": 1
            }
          }
        },
        {
          "command_started_event": {
            "command": {
              "listDatabases": 1
            }
          }
        }
      ]
    },
    {
      "description": "ListDatabaseObjects succeeds after NotMaster",
      "skipReason": "mongocxx does not support required operation.",  
      "failPoint": {
        "configureFailPoint": "failCommand",
        "mode": {
          "times": 1
        },
        "data": {
          "failCommands": [
            "listDatabases"
          ],
          "errorCode": 10107
        }
      },
      "operations": [
        {
          "name": "listDatabaseObjects",
          "object": "client"
        }
      ],
      "expectations": [
        {
          "command_started_event": {
            "command": {
              "listDatabases": 1
            }
          }
        },
        {
          "command_started_event": {
            "command": {
              "listDatabases": 1
            }
          }
        }
      ]
    },
    {
      "description": "ListDatabaseObjects succeeds after NotMasterNoSlaveOk",
      "skipReason": "mongocxx does not support required operation.",  
      "failPoint": {
        "configureFailPoint": "failCommand",
        "mode": {
          "times": 1
        },
        "data": {
          "failCommands": [
            "listDatabases"
          ],
          "errorCode": 13435
        }
      },
      "operations": [
        {
          "name": "listDatabaseObjects",
          "object": "client"
        }
      ],
      "expectations": [
        {
          "command_started_event": {
            "command": {
              "listDatabases": 1
            }
          }
        },
        {
          "command_started_event": {
            "command": {
              "listDatabases": 1
            }
          }
        }
      ]
    },
    {
      "description": "ListDatabaseObjects succeeds after NotMasterOrSecondary",
      "skipReason": "mongocxx does not support required operation.",  
      "failPoint": {
        "configureFailPoint": "failCommand",
        "mode": {
          "times": 1
        },
        "data": {
          "failCommands": [
            "listDatabases"
          ],
          "errorCode": 13436
        }
      },
      "operations": [
        {
          "name": "listDatabaseObjects",
          "object": "client"
        }
      ],
      "expectations": [
        {
          "command_started_event": {
            "command": {
              "listDatabases": 1
            }
          }
        },
        {
          "command_started_event": {
            "command": {
              "listDatabases": 1
            }
          }
        }
      ]
    },
    {
      "description": "ListDatabaseObjects succeeds after PrimarySteppedDown",
      "skipReason": "mongocxx does not support required operation.",  
      "failPoint": {
        "configureFailPoint": "failCommand",
        "mode": {
          "times": 1
        },
        "data": {
          "failCommands": [
            "listDatabases"
          ],
          "errorCode": 189
        }
      },
      "operations": [
        {
          "name": "listDatabaseObjects",
          "object": "client"
        }
      ],
      "expectations": [
        {
          "command_started_event": {
            "command": {
              "listDatabases": 1
            }
          }
        },
        {
          "command_started_event": {
            "command": {
              "listDatabases": 1
            }
          }
        }
      ]
    },
    {
      "description": "ListDatabaseObjects succeeds after ShutdownInProgress",
      "skipReason": "mongocxx does not support required operation.",  
      "failPoint": {
        "configureFailPoint": "failCommand",
        "mode": {
          "times": 1
        },
        "data": {
          "failCommands": [
            "listDatabases"
          ],
          "errorCode": 91
        }
      },
      "operations": [
        {
          "name": "listDatabaseObjects",
          "object": "client"
        }
      ],
      "expectations": [
        {
          "command_started_event": {
            "command": {
              "listDatabases": 1
            }
          }
        },
        {
          "command_started_event": {
            "command": {
              "listDatabases": 1
            }
          }
        }
      ]
    },
    {
      "description": "ListDatabaseObjects succeeds after HostNotFound",
      "skipReason": "mongocxx does not support required operation.",  
      "failPoint": {
        "configureFailPoint": "failCommand",
        "mode": {
          "times": 1
        },
        "data": {
          "failCommands": [
            "listDatabases"
          ],
          "errorCode": 7
        }
      },
      "operations": [
        {
          "name": "listDatabaseObjects",
          "object": "client"
        }
      ],
      "expectations": [
        {
          "command_started_event": {
            "command": {
              "listDatabases": 1
            }
          }
        },
        {
          "command_started_event": {
            "command": {
              "listDatabases": 1
            }
          }
        }
      ]
    },
    {
      "description": "ListDatabaseObjects succeeds after HostUnreachable",
      "skipReason": "mongocxx does not support required operation.",  
      "failPoint": {
        "configureFailPoint": "failCommand",
        "mode": {
          "times": 1
        },
        "data": {
          "failCommands": [
            "listDatabases"
          ],
          "errorCode": 6
        }
      },
      "operations": [
        {
          "name": "listDatabaseObjects",
          "object": "client"
        }
      ],
      "expectations": [
        {
          "command_started_event": {
            "command": {
              "listDatabases": 1
            }
          }
        },
        {
          "command_started_event": {
            "command": {
              "listDatabases": 1
            }
          }
        }
      ]
    },
    {
      "description": "ListDatabaseObjects succeeds after NetworkTimeout",
      "skipReason": "mongocxx does not support required operation.",  
      "failPoint": {
        "configureFailPoint": "failCommand",
        "mode": {
          "times": 1
        },
        "data": {
          "failCommands": [
            "listDatabases"
          ],
          "errorCode": 89
        }
      },
      "operations": [
        {
          "name": "listDatabaseObjects",
          "object": "client"
        }
      ],
      "expectations": [
        {
          "command_started_event": {
            "command": {
              "listDatabases": 1
            }
          }
        },
        {
          "command_started_event": {
            "command": {
              "listDatabases": 1
            }
          }
        }
      ]
    },
    {
      "description": "ListDatabaseObjects succeeds after SocketException",
      "skipReason": "mongocxx does not support required operation.",  
      "failPoint": {
        "configureFailPoint": "failCommand",
        "mode": {
          "times": 1
        },
        "data": {
          "failCommands": [
            "listDatabases"
          ],
          "errorCode": 9001
        }
      },
      "operations": [
        {
          "name": "listDatabaseObjects",
          "object": "client"
        }
      ],
      "expectations": [
        {
          "command_started_event": {
            "command": {
              "listDatabases": 1
            }
          }
        },
        {
          "command_started_event": {
            "command": {
              "listDatabases": 1
            }
          }
        }
      ]
    },
    {
      "description": "ListDatabaseObjects fails after two NotMaster errors",
      "skipReason": "mongocxx does not support required operation.",  
      "failPoint": {
        "configureFailPoint": "failCommand",
        "mode": {
          "times": 2
        },
        "data": {
          "failCommands": [
            "listDatabases"
          ],
          "errorCode": 10107
        }
      },
      "operations": [
        {
          "name": "listDatabaseObjects",
          "object": "client",
          "error": true
        }
      ],
      "expectations": [
        {
          "command_started_event": {
            "command": {
              "listDatabases": 1
            }
          }
        },
        {
          "command_started_event": {
            "command": {
              "listDatabases": 1
            }
          }
        }
      ]
    },
    {
      "description": "ListDatabaseObjects fails after NotMaster when retryReads is false",
      "skipReason": "mongocxx does not support required operation.",  
      "clientOptions": {
        "retryReads": false
      },
      "failPoint": {
        "configureFailPoint": "failCommand",
        "mode": {
          "times": 1
        },
        "data": {
          "failCommands": [
            "listDatabases"
          ],
          "errorCode": 10107
        }
      },
      "operations": [
        {
          "name": "listDatabaseObjects",
          "object": "client",
          "error": true
        }
      ],
      "expectations": [
        {
          "command_started_event": {
            "command": {
              "listDatabases": 1
            }
          }
        }
      ]
    }
  ]
}
