{
  "runOn": [
    {
      "minServerVersion": "4.0",
      "topology": [
        "single",
        "replicaset"
      ]
    },
    {
      "minServerVersion": "4.1.7",
      "topology": [
        "sharded"
      ]
    }
  ],
  "database_name": "retryable-reads-tests",
  "collection_name": "coll",
  "data": [],
  "tests": [
    {
      "description": "ListDatabaseNames succeeds on first attempt",
      "operations": [
        {
          "name": "listDatabaseNames",
          "object": "client"
        }
      ],
      "expectations": [
        {
          "command_started_event": {
            "command": {
              "listDatabases": 1
            }
          }
        }
      ]
    },
    {
      "description": "ListDatabaseNames succeeds on second attempt",
      "failPoint": {
        "configureFailPoint": "failCommand",
        "mode": {
          "times": 1
        },
        "data": {
          "failCommands": [
            "listDatabases"
          ],
          "closeConnection": true
        }
      },
      "operations": [
        {
          "name": "listDatabaseNames",
          "object": "client"
        }
      ],
      "expectations": [
        {
          "command_started_event": {
            "command": {
              "listDatabases": 1
            }
          }
        },
        {
          "command_started_event": {
            "command": {
              "listDatabases": 1
            }
          }
        }
      ]
    },
    {
      "description": "ListDatabaseNames fails on first attempt",
      "clientOptions": {
        "retryReads": false
      },
      "failPoint": {
        "configureFailPoint": "failCommand",
        "mode": {
          "times": 1
        },
        "data": {
          "failCommands": [
            "listDatabases"
          ],
          "closeConnection": true
        }
      },
      "operations": [
        {
          "name": "listDatabaseNames",
          "object": "client",
          "error": true
        }
      ],
      "expectations": [
        {
          "command_started_event": {
            "command": {
              "listDatabases": 1
            }
          }
        }
      ]
    },
    {
      "description": "ListDatabaseNames fails on second attempt",
      "failPoint": {
        "configureFailPoint": "failCommand",
        "mode": {
          "times": 2
        },
        "data": {
          "failCommands": [
            "listDatabases"
          ],
          "closeConnection": true
        }
      },
      "operations": [
        {
          "name": "listDatabaseNames",
          "object": "client",
          "error": true
        }
      ],
      "expectations": [
        {
          "command_started_event": {
            "command": {
              "listDatabases": 1
            }
          }
        },
        {
          "command_started_event": {
            "command": {
              "listDatabases": 1
            }
          }
        }
      ]
    }
  ]
}
